sap_code,description,quantity
A0000236,ASSY-SWITCH UP/DOWN/9P L7600(MSW-K1)/MASTER,15
A0000465,ASSY CHIN LASER MODULE/PAX-PRIMO/A0010021,0
A0000467,ASSY-SWITCH NEW EXPOSURE-6P/VATECH LOGO(ESW-K1)/MASTER,15
A0000843,ASSY-SWITCH UP DOWN MSW-K2? Master (GREEN),5
A0000844,ASSY-SWITCH EXPOSURE (GREEN),0
A0000918,ASSY 3-1/CHIN REST FRAME ASSY/MASTER,3
A0000949,ASSY-SWITCH EXPOSURE-A(VG)/(ESW-K2)(VEX-S100)/MASTER,0
A0001145,ASSY-RI Motor,1
A0001437,ASSY-SET TEMPORAL SUPPORT L -A/(CS PART)/MASTER,16
A0001438,ASSY-SET TEMPORAL SUPPORT R -A/(CS PART)/MASTER,20
A0001573,ASSY CARPUS PLATE/(PHT-65LH)/A0042125,4
A0001595,ASSY AIR-W COVER DISPLAY/(VEX-S300W)/A0041788,0
A0001698,ASSY CONE RING/ABS(4X3)/A0042433,8
A0001783,ASSY TEMPLE SUPPORT-SPRING TENSION L/(PCH-30CS)/MASTER,22
A0001784,ASSY TEMPLE SUPPORT-SPRING TENSION R/(PCH-30CS)/MASTER,24
A0001846,ASSY TRANSFER TOP BRACKET/(COMMON)/A0042728,62
A0002031,ASSY MODEL SCAN JIG/(COMMON)/MASTER,6
A0002569,ASSY COVER RIGHT/(AIR-P)/MASTER,0
A0002709,ASSEMBLY SCAN JIG/ASSEMBLY SCAN JIG/VA0000537,7
A0002712,STICKER CANINE BEAM/CANINE BEAM/VA0000542,6
A0002713,STICKER CENTER BEAM/CENTER BEAM/VA0000543,6
A0002715,STICKER GENERATOR FOCALSPOT/GENERATOR FOCALSPOT/VA0000545,7
A0002716,STICKER GENERATOR LASER/GENERATOR LASER/VA0000546,7
A0002717,STICKER SENSOR 1314/SENSOR 1314/VA0000547,3
A0003026,ASSY SWITCH HOLDER/(PCH-2500)(CS PART)(M0400802+E000004)/MASTER,23
A0003274,ASSY TEMPLE SUPPORT-SPRING TENSION L/(PHT-75CHS)/VA0001340_R01,9
A0003275,ASSY TEMPLE SUPPORT-SPRING TENSION R/(PHT-75CHS)/VA0001340_R01,7
A0003276,ASSY TEMPLE SUPPORT-SPRING TENSION L/(Smart)(SmartPlus)(Green16/18)(Green)/VA0000136_R02,24
A0003277,ASSY TEMPLE SUPPORT-SPRING TENSION R/(Smart)(SmartPlus)(Green16/18)(Green)/VA0000137_R02,27
A0003466,EzRay Air-P Cone,69
A0003754,HEAD STRAP/(M0000623+M0000624+M0000625)/MASTER,0
A0200711,L-P-2 ASSY HORIZONTAL ARM/(900MM)/MASTER,0
A0201253,ASSY COVER RIGHT(R6)_HY/AIR-P/MASTER,60
A0300116,L-P-3 ASSY SWITCH HOLDER(,0
A0300307,L-P-3 VEX-S100W (OPTION)REC-CON 2X3/(EZRAY PREMIUM)/MASTER,0
A0300308,L-P-3 VEX-S100W (OPTION)REC-CON 3X4/(EZRAY PREMIUM)/MASTER,14
A0300330,L-P-3 ASSY MODLE SCAN JIG/(COMMON)/MASTER,0
A0300338,L-P-3 ASSY DOUBLE STUD/(AIR-W)(VEX-S100)/MASTER,1
A0300339,L-P-3 ASSY BUSH BAR/(CS)(SMART/GREEN SMART/GREEN16 18)/MASTER,5
A0300340,L-P-3 ASSY BUSH BAR//(CS)(2D/3D)/MASTER,11
A0300341,L-P-3 ASSY BUSH BAR/(CS)(GREEN)/MASTER,13
A0300345,EZRAY AIR W ACCESSORY KIT/(EZRAY AIR W)/MASTER,19
A0300417,"USER_ASSY_PHANTOM A(2.0)/(DVT,Manual,USB)/MASTER",7
A0300426,ASSY MCU COVER_KNOB COVER_DISPLAY/CS ASSY/Master,13
A0300427,EzRay Air P R6 refurbished Kit/(CS)/Master,0
A0300460,"USER_ASSY_PHANTOM_C_TYPE 2.0 ALL (VA0005896)/DVT, Manual, USB/VA0005896",8
A0300461,"USER_ASSY_PHANTOM_B_TYPE 2.0 ALL (VA0005895)/DVT, Manual, USB/VA0005895",3
B0000030,BOARD TISSUE/(VER-1.1)/MASTER,2
B0000329,BOARD VERTICAL LED 1(TOK)/(VER-1.0)/MASTER,13
B0000381,BOARD MCU009 CONTROL PANEL/(VT13-003-13MCU009-P047,3
B0000462,BOARD 6 BUTTION MEMBRANE SWITCH/(SUB028)/MASTER,7
B0000579,BOARD CRONG/(PCH-2500)(X-FAB)/MASTER,0
C0000398,LASER-BEAM 41 (TOOTH)/(F80XL170)(D9X19)(SMP250-02)/H100041A,0
C0000588,TERMINAL-BLOCK/(UNSETTLED)/MASTER,10
C0000741,"BATTERY CHARGER (R6)/AC100~240V, 2A, 6CELL BATTERY/XVE-2520200",6
C0100258,HARNESS 10M (100P - 40P)/PANO FRAME GRABBER CABLE/MASTER,0
C0100318,HARNESS P1029A/PC R232 CABLE/P1029A,6
C0100327,HARNESS P1050A/EMG CABLE3 JUMP/P1050A,0
C0100341,HARNESS P1009B/HANDFRAME CABLE 1/P1009B,0
C0101781,HARNESS H000014A/OPTIC CABLE 4 (10M)/H000014A,0
C0101789,HARNESS H000061A/D-SUB RS232 CABLE/H000061A,19
C0101855,HARNESS H000029A/CRONG CAT6 ETHERNET CROSS CABLE6/H000029A,0
C0102347,HARNESS H100302A/MAIN POWER CORD UL 4/H100302A,5
C0102410,HARNESS H000061B/D-SUB RS232 CABLE / H000061B,4
C0102856,L-P-2 HARNESS H000002A/MAIN POWER CORD UL 1/H000002A,5
C0103155,HARNESS H001623C/SCISSOR ARM CABLE/H001623C,29
C0103161,HARNESS H001629B/FRAME GROUND CABLE/H001629B,0
C0103165,HARNESS H001634A/DOOR INTER ROCK CABLE/H001634A,25
C0103166,HARNESS H001635A/DOORBELL SW CABLE/H001635A,7
C0103241,HARNESS H100330B/MAIN POWER CORD UL 10/H100330B,8
C0103274,HARNESS H00090B/EXPOSURE SWITCH CABLE 6/H000090B,5
C0103452,EX POWER CABLE/2020A EX POWER CABLE(5M)/VRH503A,0
C0103614,POWER CORD(미국향)/KNC-001/KNC-005/MASTER,5
C0103716,H000014B/H000014B/VH0000183,12
C0104128,GENDER CABLE/125MM(EZRAY AIR W)/H200031A,0
C0104264,HARNESS H001635A/DOORBELL SW CABLE/H001635A,60
C0104352,EzRay-W Scissor Arm Cable,87
C0104354,D-SUB RS232 CABLE(15M)/H200101/VH0001759,0
C0104355,EXPOSURE 5M EXTENSION CABLE/H200103/VH0001777,0
C0500038,SWITCH-EMERGENCY/LAS1-BY-22TSA (INCLUDED-GUIDE)/MASTER,6
D0000020,KNOB/(GKB4-15M)/MASTER(carpus),24
D0000311,BUY MEMBRANE SWITCH/(SUB011)/MASTER,11
D0000490,BUY IP TIME PX1000(CRONG)/PCI EX GIGABIT LAN CARD)MASTER,0
D0000829,BUY BOLT TAG/ART PAPER/M0041619,750
D0000987,BUY MEMBRANE SWITCH/(SUB011-BLACK)/MASTER,22
D0001016,BUY DOOR BELL/(VEX-S300W0/MASTER,0
D0001170,VINYL-COVER PANORAMA/PP+PE/M0041683,41
D0001198,BUY BOLT CAP/(COMMOM)/MASTER,500
D0001286,CAT7-32AWG-10M/Cat.7 10M/Master,5
D0001287,AMCAT7B0802/TIA/EIA 568A/B/Master,8
D0001517,VATECH LOGO/0.08T/VM0005611,14
D0001581,BRACKET CRONG CAT7 LAN GENDER/LAN GENDER/MASTER,3
D0001582,SILICON-CAP BOLT/-/(VM0006090),480
D0001662,CAP-01/RUBBER/VM0009805,39
D0001664,CAP-02/RUBBER/VM0009842,26
D0001665,CAP-03/RUBBER/VM0009843,28
D0001668,SENSOR_SHEET/PC/VM0010100,1
D0001669,Sensor_Front_Sheet/PC/VM0010101,2
D0001670,GENERATOR_SHEET/PC/VM0010102,1
D0001736,LS-PCIE-EX210AT/(PCIe GIGABIT LAN CARD)/PCI-Express 1.1 form factor- 1 x 2.5G/MASTER,16
D0001833,BUY DOOR BELL/(VEX-S300W0/MASTER,53
E0000034,STICKER PANO SENSOR/PC SHEET 0.5T/M0030903,6
E0000035,STICKER TUBE/PC SHEET 0.5T/M0030904,9
E0000040,STICKER RUG ACCESSORY -A/EPOXY 2.0T/M0029309,31
E0000041,STICKER/CI COLUMN STICKER,0
E0000045,STICKER/(FLAT OF THE HAND)-CARPUS,16
E0000047,STICKER/SWITCH HOLDER(CRADLE)(DOUBLE STICKER)/M0010225,47
E0000169,STICKER/WARNING LABEL/M0031220,1653
E0000231,STICKER SENSOR C2/PC 0.5T/M0040276,4
E0000232,STICKER SENSOR C1/PC 0.5T/M0040277,3
E0000235,STICKER VER LASER WINDOW/PC 2.5T/M0040310,5
E0000236,STICKER TOOTH LASER WINDOW/PC 2.5T/M0040311,5
E0000239,STICKER UP-DOWN SWITCH/HOLDER TAPE(3M 1T)/M0040229,39
E0000240,STICKER EXPOSURE SWITCH/HOLDER TAPE(3M 1T)/M0040228,33
E0000255,STICKER CONTROL SHEET MENB/(VEX-S100W)(130409)/M0050149,0
E0000270,STICKER DO NOT TOUCH STICKER/(MOQ1000)(COMMON)/MASTER,840
E0000312,STICKER TRAY TOP/PET 0.2T L-GRAY/M0041884,0
E0000316,STICKER COVER HF TOP DECO/PC 0.5T/M0042030,12
E0000320,STICKER LASER HOR/0.3T/M0041875,3
E0000322,STICKER CHINREST TOP PLATE/0.5T/M0041877,17
E0000323,STICKER CT 1314/0.5T/M0041878,4
E0000324,STICKER SENSOR DECO/0.3T/M0041879,3
E0000331,STICKER ANGLE TAPE/URETHAN SHEET(0.1T) ADHESIVER(0.15T)/M0041801,80
E0000335,STICKER COLUMN LOGO/ACRYL 2.5T/M0042547,25
E0000336,STICKER GENERATOR/PC SHEET 0.5T/M0042546,8
E0000338,STICKER PANO SENSOR SHEET/PC SHEET 0.5T/M0042545,10
E0000339,STICKER/CI ROTATOR STICKER/M0028686,24
E0000340,STICKER CT 15X15/PC 0.5T/M0042083,3
E0000360,STICKER SENSOR CT NEW(15X15)/PC 0.5T/M0042817,2
E0000454,UP DOWN SWITCH SHEET-L/PC Sheet 0.38 T/VM0010153,30
E0000468,ACCESSORY CRADLE SHEET/PC SHEET 0.5T(EMBO)/VM0010098,20
E0200058,SHEET D EAR ANGLE GAGE/PC 1.0T/M0040511,8
E0200105,SHEET ACC TRAY/PC0.5T/M0041481,3
E0200161,"PC SHEET CONE/PC SHEET(0.5T),ADHESIVE(0.15T)/M0041757",74
E0200185,"SHEET WINDOW DISPLAY (65KPV)(2.5MA)/PC SHEET(1.5T),ADHESIVER(0.15T)/M0041824",138
E0200191,SHEET WINDOW DISPLAY/PC SHEET(1.5T) ADHESIVER(0.1T)/M0041789,16
E0200194,"PC SHEET CONE/PC SHEET(0.5T),ADHESIVE(0.15T)/M0041757",60
E0200263,SHEET DOUBLE STUD/(AIR-W)/MASTER,29
E0200264,SHEET SINGLE STUD/(AIR-W)/MASTER,31
M0000366,SHOULDER STRAP/REMOVAL/MASTER,14
M0100083,BLOCK CEPHALO ARM ADAPTER 4/AL6061 WHITE ANODIZING/1010011179,0
M0100106,BLOCK COLUMN HANDLE BOTTOM/AL6061/1010011683,0
M0100107,BLOCK COLUMN HANDLE MIDDLE/ACETAL-WHITE/1010011684,0
M0100113,PIPE COLUMN HANDLE 1/STEEL PIPE ZN-WHITE(15A)/1010020082,0
M0100114,PIPE COLUMN HANDLE 2/STEEL PIPE ZN-WHITE(15A)/1010020083,0
M0100145,BLOCK COLUMN HANDLE TOP/AL6061 WHITE ANODIZING/E37MMIB00171,0
M0100178,SHAFT ROTATING STOPING/SUS304/M0010009,0
M0100185,PIPE MOVING SYSTEM BAR/STEEL(D20X3.2T)/M0010123,0
M0100188,SHAFT BASE BAR/S41C C/M0010233,0
M0101737,BLOCK TUBE FIX PANO/AL6061 WHITE ANODIZING(110362)/M0030884,24
M0101782,BLOCK COLUMN FIX/SM45C ZN PLATING(110455)/M0030745,14
M0101796,BLOCK SUPPORT ARM SHAFT PIN C/SM45C ZN-WHITE(110948)/M0031100,18
M0101797,PLATE SUPPORT ARM 1 C DECO/SPC 2.0T COATING(WH022D)WHITE(111022)/M0031095,5
M0101798,PLATE SUPPORT ARM 2 C DECO/SPC 2.0T COATING(WH022D)WHITE(111023)/M0031097,5
M0101843,PIPE COLUMN HANDLE/SCH80(15A) ZN PLATING(120088)/M0031205,0
M0101844,PIPE ROTATING HANDLE/SCH80(15A) ZN PLATING(120089)/M0031206,48
M0101845,BLOCK PLATEWASHER/ACETAL(120090)/M0031209,0
M0101846,PIPE BASE BAR-ACC/SCH80(15A) ZN PLATING(120091)/M0031207,9
M0102137,BLOCK LM STOPPER,30
M0102166,PIPE MIDDLE BAR LEFT/SCH80(15A) ZN PLATING/M0040173,0
M0102176,BLOCK SUPPORT ARM/SM45C/M0040082,2
M0102287,PLATE ALIGN WALL (NEW 201301)/SPC 4.0T COATING(WH022D)WHITE/M0031212,86
M0102356,BLOCK ARM BRAKE/ACETAL BLACK(130197)/M0040547,11
M0102359,BLOCK LIMIT RING/BRASS(130194)/M0040546,3
M0102401,BLOCK TUBE PANO/AL6061 WHITE-ANODIZING/M0040290,6
M0102417,BLOCK PLATE TUBE FIX/SM45C+SPC10.0T(CR PLATING)/M0040433,5
M0102435,PLATE BASE/AL COATING WHITE(WARMGRAY 0.5C)/M0040468,8
M0102629,BLOCK BUSH2(VASM)/SUS304/M0040699,0
M0102720,ANTI ROTATION BLOCK2,0
M0102721,PLATE ANTI ROTATION BLOCK STIFFNER/SPC 2.3T(130433)/M0050142,11
M0102856,BLOCK PLATE TUBE FIX(15X15)/SM45C(CR PLATING)/M0041047,0
M0102984,BLOCK ASSY PLATE TUBE FIX (RI)/(PAX-I3D)/M0041105,2
M0103034,BLOCK LM STOPPER,33
M0103103,BLOCK COLUMN HANDLE/ACETAL/M0041416,86
M0103111,PLATE ALIGN WALL/(PHT-30LFO)/M0041482,5
M0103171,BLOCK ACRYL FIX BOLT(NEW)/ACETAL-BLACK/M0041506(carpus),20
M0103172,PLATE HANDREST CEPH(NEW)/ACRYL-SMOKE 8.0T/P4S722A,8
M0103346,"SHAFT COVER BATTERY/SHAFT,SUS,3PI X 35L/M0041730",60
M0103426,BLOCK COLUMN HANDLE/ACETAL-WHITE/M0041895,41
M0103439,PLATE WALL/(WALL + PG13.5)/MASTER,20
M0103564,PIPE TRANSFER MIDDLE HANDLE/(SCH80)/M0042725,3
M0103565,PIPE TRANSFER MIDDLE BENDIN HANDLE/(SCH80)/M0042726,20
M0103569,PIPE TRANSFER TOP HANDLE/(SCH80)/M0042731,10
M0103570,PIPE TRANSFER MIDDLE LARGE BRACKET/(SPSR400)/M0042733,9
M0103571,PIPE TRANSFER BOTTOM HANDLE,60
M0103572,BLOCK TRANSFER SPACER/ACETAL-BLACK/M0042740,147
M0104048,VPOP_HANDLE_SPACER/가공/VM0010446,11
M0104050,VP_CEPH_SM_COVER/SPCC 1.0T: KS D 3512 SPCC/VM0009783,18
M0200238,CASE-COVER WALL BRACKET 1/SPC4.0T COATING(EP033K)WHITE/M0010125,0
M0200322,CASE-COVER WALL BRACKET 3/SPC4.0T COATING(EP033K)WHITE/M0011311,0
M0200323,CASE-COVER WALL BRACKET 4/SPC4.0T COATING(EP033K)WHITE/M0011312,0
M0201187,BRACKET COLUMN SUPPORT/SPC 6.0T(110446)/M0030741,17
M0201206,BRACKET MIDLE HANDLE/PC 4.0T ZN PLATING(120092)/M0031208,26
M0201306,BRACKET WALL 2/SPC 4.0T COATING(WH022D)WHITE(120095)/M0031211,0
M0201307,BRACKET WALL US/SPC 4.0T COATING(WH022D)WHITE(120153)/M0031216,0
M0201422,BRACKET HANDLE/SPC 4.0T ZN PLATING/M0040172,0
M0201505,BRACKET COLUMN FIX (NEW 201301)/SPC 5.0T COATING(WH022D)WHITE/M0030744,15
M0201585,BRACKET LINK ANGLE TYPE/SPC 2.3T ZN(130112)/M0040562,0
M0201586,BRACKET ARM BRAKE/SPC 2.3T ZN(130196)/M0040564,0
M0201593,BRACKET SNAP KEY/SUS(130117)/M0040556,10
M0201812,BRACKET 16INCH WALL/SPC ZN-WHITE/M0050145,7
M0202249,BRACKET PHOTO SENSOR X/SPC 1.0T ZNW/M0041309,20
M0202250,BRACKET CABLE CHIN SUPPORT2 Y/SPC 1.6T ZNW/M0041317,20
M0202255,BRACKET STOPPER/SPC 3.0T ZNW/M0041321,54
M0202278,BRACKET COLUMN HANDLE/SPC 4.0T ZNW/M0041414,8
M0202280,CASE-COVER ARM 4/SPC 2.0T/M0041466,23
M0202515,BRACKET WALL REAR US 16 INCH/SPC 4.0T COATING(WH022D)WHITE/M0041596,16
M0202517,BRACKET WALL REAR/SPC 4.0T COATING(WH022D)WHITE/M0041598,16
M0202518,BRACKET WALL/SPC 4.0T COATING(WH022D)WHITE/M0041599,45
M0203274,BRACKET WALL US 16 INCH/SPC 4.0T COATING WHITE/M0041676,57
M0203275,BRACKET WALL 2/SPC 4.0T COATING WHITE/M0041675,47
M0203672,BRACKET VERTICAL STOPPER1/SPC 3.0T/M0041926,62
M0203682,BRACKET COLUMN HANDLE/SPC 4.0T/M0041904,0
M0203928,BRACKET ALIGN/SUS 2.0T/M0042535,11
M0204488,TRANSFER BOTTOM HANDLE/TRANSFER BOTTOM HANDLE/VM0004214,6
M0204525,WALL BRACKET/SCP5.0T/도장(WHITE)/VM0005834,14
M0204529,ALIGN PLATE/SCP3.2T/ZnW/VM0006086,4
M0204535,TRANSFER TOP HANDLE ASSEMBLY/TRANSFER_TOP_ASSY/VA0000572,14
M0204536,TRANSFER MIDDLE HANDLE ASSY/TRANSFER_MIDDLE_ASSY/VA0000571,10
M0204628,VPOP_SUPPORT_BKT/SPCC: KS D 3512 SPCC;판금/VM0010445,10
M0204630,VPOP_BOTTOM_HANDLE/백색아연도금/VM0010447,14
M0204631,WALL BRACKET/분체도장 (P614/JCK005/01)/VM0009785,15
M0204635,VPOP_TOP_HANDLE_ASSY/(PHT-30CSS)/VA0002045,14
M0204655,VPOP_ALIGNMENT_PLATE/SPCC 4.0T: KS D 3512 SPCC/VM0010507,8
M0300158,FRAME CASE TEMPLE SUPPORT KNOB/ADC12 COATING(WARMGRAY 4C)(110810)/M0030951,3
M0300159,FRAME HANDLE/ADC12 COATING(110504)/M0030950,0
M0300162,FRAME PLATE COLUMN BASE/ADC12 COATING(WH022D)WHITE(110445)/M0030779,31
M0300258,BASE PLATE/AC4C AL(WARMGRY 0.5C)-WHITE/M0040196,8
M0300414,FRAME GENERATOR ARM/ADC12/M0041795,9
M0300423,FRAME COLUMN BOTTOM BASE/ADC12 COATING WHITE/M0042525,4
M0400145,COVER-ACCESSORIES BITE BLOCK/PC-CLEAR/1010050317,27
M0400419,COVER-ACCESSORIES NORMAL CHINREST -A/PC-CLEAR GRAY/M0028883,22
M0400420,COVER-ACCESSORIES SINUS CHINREST - A /PC CLEAR GRAY/M0028884,23
M0400421,COVER-ACCESSORIES TOOTHLESS CHINREST -A/PC-CLEAR GRAY/M0028885,20
M0400422,COVER-ACCESSORIES TMJ CHINREST -A/PC-CLEAR GRAY/M0028886,3
M0400576,COVER HANDFRAME WINDOW -A/ABS-WHITE(VH-0810 W92563)/M0029284,0
M0400577,COVER CAP HOLE LCD -A/ABS-WHITE(VH-0810 W92563)/M0029285,0
M0400580,COVER HANDFRAME ACCESSORY -A/ABS-BEIGE(VH-0810/C7747)/M0029288,2
M0400588,COVER HANDFRAME TOP(S) -A/ABS-WHITE(VH-0810 W92563)/M0029296,0
M0400802,COVER CRADLE -A/ABS-WHITE(VH-0810 W92563)/M0028877,0
M0400835,COVER-ACCESSORIES TEMPORAL SUPPORT L -A/PC-CLEAR/M0029654,0
M0400836,COVER-ACCESSORIES TEMPORAL SUPPORT R -A/PC-CLEAR/M0029655,0
M0400869,COVER SHAFT LASER CHIN KNOB/ABS (WARMGRY 4C)(110575)/M0030964,7
M0400870,COVER FIXING EARROD/ABS (WARMGRY 0.5C)-WHITE(110467)/M0030977,34
M0400873,COVER EAR LOAD C NEW L/PC MILKY(120023)/M0031188,8
M0400875,COVER EAR LOAD C NEW R/PC MILKY (PIN-INSERT)(1109170)/M0031069,4
M0400877,COVER NOSE SUPPORT/PC MILKY(110923)/M0031079,8
M0400879,COVER CHIN BLOCK TOP/ABS (WARMGRY 0.5C)-WHITE(110515)/M0030946,1
M0400880,COVER-WINDOW H LASER/PC-CLEAR (ORANGE)(111032)/M0030949,1
M0400881,COVER-WINDOW V LASER/PC-CLEAR (ORANGE)(110529)/M0030947,1
M0400882,COVER COLUMN TOP/ABS (WARMGRY 4C)(110526)/M0030754,1
M0400883,COVER COLUMN FRONT/ABS (WARMGRY 0.5C)-WHITE(110494)/M0030753,8
M0400884,COVER MOVEING COLUMN BOTTOM/ABS (WARMGRY 0.5C)-WHITE(110527)/M0030755,3
M0400885,COVER MOVEING COLUMN TOP/ABS (WARMGRY 0.5C)-WHITE(110528)/M0030756,3
M0400886,COVER HANDLE FRAME TOP/ABS (WARMGRY 4C)(110516)/M0030945,1
M0400887,COVER VERTICAL UPPER-PANO/ABS (WARMGRY 4C)(110487)/M0030820,2
M0400888,COVER VERTICAL UPPER-CEPH/ABS (WARMGRY 4C)(111144)/M0031028,2
M0400889,COVER-WINDOW VERTICAL LED DIFUSSION EXPOURE/PC-MILKY(110514)/M0030821,4
M0400890,COVER ROTATOR UPPER L/ABS (WARMGRY 0.5C)-WHITE(110523)/M0030895,7
M0400891,COVER ROTATOR UPPER R/ABS (WARMGRY 0.5C)-WHITE(110524)/M0030896,6
M0400892,COVER ROTATOR LOWER/ABS (WARMGRY 4C)(110522)/M0030897,0
M0400893,OVER ROTATOR TUBE FRONT/ABS (WARMGRY 4C)(110518)/M0030898,4
M0400894,COVER ROTATOR TUBE RAEAR/ABS (WARMGRY 0.5C)-WHITE(110519)/M0030899-1,3
M0400895,COVER ROTATOR TUBE TOP/ABS (WARMGRY 0.5C)-WHITE(110517)/M0030900,3
M0400896,COVER ROTATOR SENSOR FRONT/ABS (WARMGRY 4C)(110521)/M0030901,0
M0400897,COVER ROTATOR SENSOR RAEAR/ABS (WARMGRY 4C)(110520)/M0030902,2
M0400898,COVER CEPH TOP/ABS (WARMGRY 0.5C)-WHITE(110988)/M0031056,2
M0400902,COVER CAP ARM/ABS (WARMGRY 0.5C)-WHITE(110985)/M0031053,13
M0400971,COVER VERTICAL TOP PANO/ABS(WARMGRAY WHITE 0.5C)/M0040099,0
M0400978,COVER-ACCESSORIES TRAY/PC(CLEAR)/M0040106,13
M0401003,COVER BASE CAP 1 -A (LARGE)/ABS (WARMGRY 0.5C)/M0040199,506
M0401004,COVER BASE CAP 2 -A (SMALL)/ABS (WARMGRY 0.5C)/M0011522,662
M0401014,COVER ARM COVER/ABS WHITE(130127)/M0040593,0
M0401015,COVER FRAME - L/ABS GRAY(130125)/M0040594,0
M0401016,COVER FRAME - R/ABS GRAY(130126)/M0040595,0
M0401017,COVER HORIZONTAL FRAME LOWER/ABS WHITE(130135)/M0040589,0
M0401018,COVER FRAME END CAP/ABS GRAY(130132)/M0040590,0
M0401032,COVER CEPH ARM CAP-1/ABS(WARMGRAY 0.5C)/M0040272(P3DS) - TOP,9
M0401033,COVER CEPH ARM CAP-2/ABS(WARMGRAY 0.5C)/M0040273 - BOTTOM,0
M0401039,COVER CASE TOP HF/ABS WARMGRAY 0.5C/M0040355,5
M0401044,COVER CASE SIDE HF/ABS WARMGRAY 0.5C/M0040360,4
M0401045,COVER CASE TOP CHINREST/ABS WARMGRAY 0.5C/M0040361,3
M0401073,COVER UP-DOWN SWITCH HOLDER/ABS GRAY/M0040223,14
M0401097,COVER D CHIN BITE BLOCK/PC/M0040633,18
M0401100,COVER D EAR BLOCK L ADD1/ABS/M0040506,15
M0401131,COVER CHIN SUPPORT -A/ABS (WH0810-W95888)-WHITE(130491)/M0050083,6
M0401138,COVER CASE VERTICAL L/ABS (WH0810-W95888)-WHITE(130470)/M0050033,6
M0401139,COVER CASE VERTICAL L/ABS (WH0810-W95888)-WHITE(130470)/M0050033,3
M0401149,COVER HF ACCESSORY-A/ABS (WH0810-W95888)-WHITE(130522)/M0050099,1
M0401163,COVER 16 INCH WALL BRACKET CASE/ABS(WHITE)/M0050139,0
M0401230,COVER EXPOSURE SWITCH HOLDER,0
M0401238,COVER HANDLE GRIP MEM/ABS WHITE MATT/V3HC904,3
M0401239,COVER HANDLE OUTCASE MEM/ABS WHITE MATT/V3HC905,3
M0401244,COVER HF DI FRONT MEM/ABS WHITE/M0041454,7
M0401249,COVER ACCESSORY/ABS BLACK-GLOSS/M0041423,2
M0401250,COVER BACK/ABS WHITE-GLOSS/M0041424,4
M0401251,COVER BACK DECO/ABS BLACK-GLOSS/M0041425,2
M0401252,COVER BACK DUMMY/ABS WHITE-GLOSS/M0041426,4
M0401269,COVER BOTTOM BASE/ABS WHITE-GLOSS/V3CC001,16
M0401270,COVER COLUMN BACK BOTTOM/ABS WHITE-GLOSS/V3CC002,8
M0401275,COVER HF ARM TOP/ABS WHITE-GLOSS/M0041452,8
M0401280,COVER HF TOP/ABS WHITE-GLOSS/M0041457,11
M0401282,COVER REMOTE-ARM/ABS GRAY-GLOSS/V3HC002,9
M0401436,COVER ACCESSORY/ABD 429C MATT/M0041650,5
M0401437,COVER-ACCESSORIES CHIN-BITE2/PC-CLEAR ORANGE/M0041654,3
M0401438,COVER-ACCESSORIES CHIN-BITE/PC-CLEAR ORANGE/M0041655,0
M0401439,COVER-ACCESSORIES CHIN BLOCK-LOW/ABS/M0041656,16
M0401440,COVER-ACCESSORIES CHIN-BITE TMJ/PC-CLEAR ORANGE/M0041657,0
M0401441,COVER-ACCESSORIES CHIN BLOCK-HIGH/ABS/M0041658,17
M0401442,COVER-ACCESSORIES CHIN-BITE/PC-CLEAR BLACK/M0041671,23
M0401443,COVER-ACCESSORIES CHIN-BITE2/PC-CLEAR BLACK/M0041672,8
M0401444,COVER-ACCESSORIES CHIN TMJ/PC-CLEAR BLACK/M0041673,27
M0401533,"TRIGGER SWITCH/PC-ABS(NH-1017D,F36079 B)/M0041719",92
M0401562,COVER ACCESSORY STAND/ABS WHITE/M0042024,2
M0401573,COVER ROTATOR TOP L/ABS WHITE/M0041826,3
M0401574,COVER ROTATOR TOP R/ABS WHITE/M0041827,3
M0401575,COVER ROTATOR CORNER/ABS WHITE/M0041828,2
M0401578,COVER SENSOR FRONT/ABS WHITE/M0041831,3
M0401579,COVER SENSOR BACK/ABS WHITE/M0041832,2
M0401581,COVER SENSOR DECO/ABS WHITE/M0041834,3
M0401582,COVER UPPER TOP/ABS WHITE/M0041835,1
M0401583,COVER VRT BOTTOM LEFT/ABS WHITE/M0041836,2
M0401584,COVER VRT BOTTOM RIGHT/ABS WHITE/M0041837,2
M0401585,COVER VRT BOTTOM FRONT/ABS WHITE/M0041838,4
M0401587,COVER COLUMN FRONT/ABS WHITE/M0041840,1
M0401588,COVER COLUMN REAR/ABS WHITE/M0041841,4
M0401589,COVER BRIDGE UPPER/ABS WHITE/M0041842,4
M0401590,COVER BRIDGE LOWER/ABS WHITE SILK-PRINT/M0041843,2
M0401591,COVER BRIDGE BOX COVER/ABS WHITE SILK-PRINT/M0041844,6
M0401592,COVER CHIN UPPER/ABS WHITE/M0041845,3
M0401593,COVER CHIN LOWER/ABS WHITE SILK-PRINT/M0041846,3
M0401594,COVER CHIN DISP UPPER/ABS WHITE/M0041847,5
M0401596,COVER COLUMN 1/ABS WHITE/M0041849,3
M0401597,COVER COLUMN 3/ABS WHITE/M0041850,8
M0401598,COVER COLUMN BACK BOTTOM/ABS WHITE/M0041851,14
M0401608,Temple Support - Left (Green),0
M0401609,Temple Support - Right (Green),0
M0401612,COVER D TEMPLE FRAME L (NEW)/PC-CLEAR BLACK/VA0000136,7
M0401613,COVER D TEMPLE FRAME R/PC-CLEAR BLACK,0
M0401619,COVER CRADLE/PCSHEET 0.3T + TAPE 0.15T/M0042140,69
M0401621,COVER GENERATOR ARM/ABS-WH(VH0810-W95888)/M0041797,12
M0401624,COVER HORIZONTAL ARM/ABS-WH,15
M0401625,COVER HORIZONTAL CABLE/ABS,26
M0401626,COVER POWER BOX CASE/ABS-WH(VH0810-W95888)/M0041807,8
M0401627,COVER POWER BOX DECO/ABS-WH(VH0810-W95888)/M0042114,15
M0401631,COVER SCISSOR ARM - LEFT,44
M0401632,COVER SCISSOR ARM - RIGHT,54
M0401641,COVER ACCESSORY/ABS WHITE/M0042016,5
M0401642,COVER BACK DECO/ABS WHITE/M0042017,5
M0401644,COVER VERTICAL TOP/ABS WHITE/M0042019,2
M0401646,COVER ROTATOR SIDE L/ABS WHITE/M0042021,5
M0401647,COVER ROTATOR SIDE R/ABS WHITE/M0042022,7
M0401685,COVER CHIN BLOCK TOP/ABS (VH0810-W95888)/M0042563,0
M0401689,COVER HANDLE FRAME TOP I2/ABS (VH0810-W95888)/M0042562,6
M0401690,COVER ROTATOR LOWER I2/ABS (VH0810-W95888)/M0042555,0
M0401691,COVER ROTATOR SENSOR FRONT I2/ABS (VH0810-W95888)/M0042560,1
M0401692,COVER ROTATOR SENSOR FRONT I2/ABS (VH0810-W95888)/M0042560,3
M0401693,COVER ROTATOR TUBE FRONT I2/ABS (VH0810-W95888)/M0042556,5
M0401695,COVER ROTATOR TUBE REAR I2/ABS (VH0810-W95888)/M0042557,1
M0401703,COVER VERTICAL UPPER I2/ABS (VH0810-W95888)/M0042552,1
M0401705,COVER-WINDOW H LASER/PC-BLACK CLEAR/M0042565,0
M0401706,COVER-WINDOW V LASER/PC-BLACK CLEAR/M0042564,0
M0401735,COVER-ACCESSORIES CHIN SINUS B/PC-CLEAR BLACK/M0042703,26
M0401737,COVER 16INCH WALL BRACKET CASE(NEW)/ABS (WHITE)/M0050139,3
M0402089,COVER COLUMN LOWER/COLUMN LOWER/VM0004235,1
M0402106,COVER COLUMN MOVING LOWER/COLUMN MOVING LOWER/VM0005601,3
M0402107,COVER COLUMN MOVING UPPER/COLUMN MOVING UPPER/VM0005602,5
M0402111,CHIN REST BLOCK TOP/CHIN REST BLOCK TOP/VM0005654,24
M0402122,COVER HANDLE FRAME/HANDLE FRAME/VM0005780,10
M0402123,COVER HANDLE FRONT TOP/HANDLE FRONT TOP/VM0005781,6
M0402126,COVER CHIN REST TOP/CHIN REST TOP/VM0005786,16
M0402131,COVER SENSOR FRONT/SENSOR FRONT/VM0005874,1
M0402132,COVER GENERATOR FRONT/GENERATOR FRONT/VM0005875,1
M0402133,COVER GENERATOR BACK/GENERATOR BACK/VM0005876,2
M0402136,COVER GENERATOR TOP/GENERATOR TOP/VM0005879,8
M0402142,COVER SWITCH BOX/COVER SWITCH BOX/VM0005907,13
M0402146,VERTICAL-CAP/VERTICAL-CAP/VM0005916,5
M0402150,COVER VERTICAL TOP/VERTICAL TOP/VM0005920,4
M0402152,COVER REMOTE ARM (WHITE)/ABS WHITE/AF365F OJ452-B/VM0006106,19
M0402174,COVER HANDLE FRONT TOUCH/사출/VA0000469,21
M0402189,CONE 200MM/ABS(AF365F0OJ452)_LG/M0041769,12
M0402190,CONE CAP/ABS(AF365F0OJ452)_LG/M0041770,36
M0402191,COVER CONE 200MM/ABS-WH(AF365F0OJ452)_LG/M0042101,14
M0402192,COVER CONE/ABS-WH(AF365F0OJ452)(SILK PRINT)_LG/M0041803,14
M0402193,COVER GENERATOR COVER LEFT/ABS(AF365F0OJ452) SILK PRINT_LG/M0041793,5
M0402194,COVER GENERATOR RIGHT/ABS(AF365F0OJ452) SILK PRINT_LG/M0041787,9
M0402198,"COVER CONE (R5)/ABS(AF365F0OJ452),SILK PRINT_LG/M0043181",74
M0402201,"COVER BATTERY(R6)/ABS(AF365F0OJ452),SILK PRINT_LG/M0043345",101
M0402202,"COVER LEFT (R6)/ABS(AF365F0OJ452),SILK PRINT_LG/M0043348",68
M0402224,CHIN BLOCK COVER/ABS White(AF365F OJ452-B)/VM0009796,4
M0402225,CHIN COVER/ABS White(AF365F OJ452-B)/VM0009797,2
M0402235,ROTATOR GEN COVER F/ABS White(AF365F OJ452-B)/VM0009820,1
M0402236,ROTATOR GEN R B/ABS White(AF365F OJ452-B)/VM0009821,1
M0402237,ROTATOR GEN R T/ABS White(AF365F OJ452-B)/VM0009822,1
M0402238,ROTATOR S COVER F/ABS White(AF365F OJ452-B)/VM0009823,1
M0402239,ROTATOR-S-COVER-RE/ABS White(AF365F OJ452-B)/VM0009824,2
M0402240,ROTATOR-TOP-COVER-R/ABS White(AF365F OJ452-B)/VM0009825,1
M0402243,VRTICAL TOP COVER/ABS White(AF365F OJ452-B)/VM0009828,5
M0402246,COLUMN-REAR-COVER-D/ABS White(AF365F OJ452-B)/VM0009844,4
M0402249,VPOP_SPECIAL_A_BITE/(V-POP)/VM0010492,6
M0402250,VPOP_SPECIAL_B_BITE/(V-POP)/VM0010493,8
M0402260,VPOP_COLUMN_BOTTOM_CASE_REAR/White/VM0012234,5
M0402261,VPOP_COLUMN_BOTTOM_CASE_FRONT/White/VM0012233,5
M0402263,COVER COLUMN LOWER/COLUMN LOWER(US)/VM0015293/A,4
M0402468,COVER CHIN BLOCK TOP+WINDOW H Laser+V Laser/ABS (VH0810-W95888)+PC-BLACK CLEAR/M0042563+4+5,1
M0500055,SILICON-CAP EAR/CLEAR/1010060024,186
M0500170,SILICON-CAP (WHITE)/SILICON-CAP -2/M0028957,4047
M0500171,SILICON CAP (GRAY)/SILICON-CAP -1/M0028962,425
M0500172,SILICON-CAP VERTICAL/RUBBER(IVORY)/1010060039,50
M0500173,SILICON-CAP EAR CHIN-L/SILICON CLEAR/M0029752,21
M0500174,SILICON-CAP EAR CHIN-R/SILICON CLEAR/M0029753,5
M0500175,SILICON-CAP EAR SCREW/(CEPH)/1010060025 (ceph),9
M0500178,SILICON-CAP EAR CHIN-L/SILICON CLEAR/1010060034,0
M0500179,SILICON-CAP EAR CHIN-R/SILICON CLEAR/1010060035,0
M0500202,RUBBER GENERATOR ARM CASE CAP 1 /WHITE,16
M0500203,RUBBER GENERATOR ARM CASE CAP 2 /WHITE(130143)/M0040681,15
M0500210,RUBBER GRIP-L/SILICON SPAY GRAY(PT 429U)/M0040377,6
M0500211,RUBBER GRIP-R/SILICON SPAY GRAY(PT 429U)/M0040378,8
M0500213,RUBBER CHIN BITE COVER/PP/M0040434,0
M0500221,SILICON D NOSE SUPPORT TIP/SILICON M0040498,23
M0500222,SILICON D EAR CAP/SILICON M0040509,113
M0500223,SILICON D EAR BLOCK L/ADD2/SILICON/M0040510,18
M0500229,RUBBER D TEMPLE-LEFT/SILICON M0040624,14
M0500230,RUBBER D TEMPLE-RIGHT/SILICON M0040624,13
M0500231,RUBBER D CHIN BODY/SILICON/ M0040635,38
M0500232,RUBBER D CHIN BITE BLOCK TIP/SILICON/M0040636,0
M0500233,RUBBER D CHIN SINUS TIP/SILICON/M0040637,11
M0500235,RUBBER ARM SILICON BAND/WHITEW(RAL9003)M0040692,0
M0500261,SILICON-CAP 3/RUBBER-BLACK/M0041142,200
M0500288,"CAP POWER JACK/MOLD,URETHANE,70,GRAY/M0041727",123
M0500290,"CAP SCREW LONG1/MOLD,RUBBER,70,WHITE/M0041735",270
M0500292,"CAP SCREW CIRCLE1/MOLD,RUBBER,70,WHITE/M0041737",302
M0500293,"CAP SCREW CIRCLE2/MOLD,RUBBER,70,WHITE/M0041738",304
M0500306,SILICON GENERATOR ARM SCREW COVER 1/SILICON HRD70 WHITE/M0041798,44
M0500307,SILICON GENERATOR ARM SCREW COVER 2/SILICON HRD70 WHITE/M0041799,34
M0500308,SILICON GENERATOR ARM SCREW COVER 3/SILICON HRD70 WHITE/M0041800,30
M0500316,SILICON-CAP BOLT/WHITE/M0042738,600
M0500328,"CAP USB SOCKET (R5)/MOLD,RUBBER,70,WHITE/M0043129",164
M0500351,"CAP SCREW LONG2(R6)/MOLD,RUBBER,70,WHITE/M0043343",304
M0500352,"CAP SCREW CIRCLE3(R6)/MOLD,RUBBER,70,WHITE/M0043344",284
M0500369,CAP BASE ROUND/BASE ROUND/VM0006091,77
M0500370,CAP BASE FLAT/BASE FLAT/VM0006092,24
P0100209,Packing Box(VEX P300) EzRay Portable,0
P0300028,MANUAL-USER/[PI_100U_10A_EN]/MASTER,0
P0300030,MANUAL-USER/[PI_100U_10A_EN]/MASTER,0
P0300034,MANUAL-INSTALLATION/[PI_200I_10A_EN]/MASTER,0
P0300045,MANUAL-INSTALLATION PAX-DUO3D ENGLISH/(PDUO3D 230I 35A EN)/P0018054,8
P0300055,MANUAL-USER/[PI3D_100U_42A_EN]/MASTER,24
P0300059,MANUAL-INSTALLATION/[PI3D_120I_42A_EN]/MASTER,14
P0300159,MANUAL-USER/[PHT-60CFO_AM]/MASTER GREEN,13
P0300165,MANUAL-USER/[EZRAY]/MASTER,0
P0300179,MANUAL-USER/[PAX-PRIMO(NL)_EN]/MASTER,13
P0300188,MANUAL-USER/[PAX-DUO3D(P1)_EN]/MASTER,5
P0300192,MANUAL-INSTALLATION/[PHT-60CFO_EN]/MASTER GREEN,8
P0300194,MANUAL-INSTALLATION/[EZRAY_EN]/MASTER,0
P0300197,MANUAL-INSTALLATION/[PAX-PRIMO(NL)_EN]/MASTER,14
P0300299,MANUAL-USER/[PAX-I3D SMART_AM]/MASTER,12
P0300303,MANUAL-INSTALLATION/[PAX-I3D SMART_EN-US]/MASTER,11
P0300326,MANUAL-INSTALLATION(EzRay Air-W)/(VEX-S300W)/MASTER,1
P0300327,MANUAL-USER(EzRay Air-W)/(VEX-S300W)/MASTER,2
P0300422,MANUAL-USER/(GREEN 16)/MASTER,9
P0300423,MANUAL-INSTALLATION/(GREEN 16)/MASTER,22
P0300424,MANUAL-USER/(GREEN 18)/MASTER,6
P0300425,MANUAL-INSTALLATION/(GREEN 18)/MASTER,11
P0300426,MANUAL-USER/(GREEN SMART)/MASTER,0
P0300427,MANUAL-INSTALLATION/(GREEN SMART)/MASTER,17
P0300432,MANUAL-USER EN/(PCH-30CS)/MASTER(PaX-I Insight),0
P0300433,MANUAL-INSTALLATION EN/(PCH-30CS)/MASTER(PaX-I Insight),22
P0300434,MANUAL-USER EN/PCT-90LH/Master (Green 21),7
P0300435,MANUAL-INSTALLATION EN/PCT-90LH/MASTER(Green 21),7
P0300455,MANUAL-INSTALLATION/[PI_200I_10A_EN]/MASTER,20
P0300547,MANUAL(OVERSEA_200MM)/VEX-P300(R6)/MASTER,9
P0300569,Green X Installation manual (en)/Manaual(EN)/VGM0000057,20
P0300672,MANUAL_INSTALLATION_PHT-90CHO_EN/GREEN X 21/VGM0000436,4
